{
	"duration": 20,
	"channels": {
		"MyBox.position": {
			"times": [
				0,
				5
			],
			"values": [
				0,
				0,
				0,
				0,
				0,
				10.699897050851213
			]
		},
		"MyBox.quaternion": {
			"times": [
				0,
				5
			],
			"values": [
				0,
				0,
				0,
				1,
				0.4462805546389137,
				0,
				0,
				0.8948931034213995
			]
		},
		"S1.position": {
			"times": [
				0,
				5
			],
			"values": [
				0,
				0,
				0,
				0,
				0,
				-7.816148292709345
			]
		},
		"S1.quaternion": {
			"times": [
				0
			],
			"values": [
				0,
				0,
				0,
				1
			]
		}
	}
}